{"cameraMode":{"drawMode":0,"name":"Shaded","section":"Shading Mode"},"sceneLighting":false,"audioPlay":false,"sceneViewState":{"showFog":true,"showMaterialUpdate":false,"showSkybox":false,"showFlares":true,"showImageEffects":true,"showParticleSystems":true},"in2DMode":false,"pivot":{"x":5.699999809265137,"y":2.1000001430511476,"z":-2.384185791015625e-7},"rotation":{"x":-0.2160778045654297,"y":0.6451264023780823,"z":-0.19740115106105805,"w":-0.705889880657196},"size":4.1641340255737309,"orthographic":true}