{"cameraMode":{"drawMode":0,"name":"Shaded","section":"Shading Mode"},"sceneLighting":false,"audioPlay":false,"sceneViewState":{"showFog":true,"showMaterialUpdate":false,"showSkybox":false,"showFlares":true,"showImageEffects":true,"showParticleSystems":true},"in2DMode":false,"pivot":{"x":0.957008957862854,"y":1.8565770387649537,"z":1.0025955438613892},"rotation":{"x":-0.003512508235871792,"y":0.8615742325782776,"z":-0.5077099800109863,"w":-0.005892811808735132},"size":2.730130910873413,"orthographic":true}