{"cameraMode":{"drawMode":0,"name":"Shaded","section":"Shading Mode"},"sceneLighting":false,"audioPlay":false,"sceneViewState":{"showFog":true,"showMaterialUpdate":false,"showSkybox":false,"showFlares":true,"showImageEffects":true,"showParticleSystems":true},"in2DMode":false,"pivot":{"x":4.61880350112915,"y":3.367218494415283,"z":-20.505117416381837},"rotation":{"x":-0.33044636249542239,"y":-0.23079408705234528,"z":0.08451342582702637,"w":-0.9114622473716736},"size":4.298847675323486,"orthographic":true}