{"cameraMode":{"drawMode":0,"name":"Shaded","section":"Shading Mode"},"sceneLighting":false,"audioPlay":false,"sceneViewState":{"showFog":true,"showMaterialUpdate":false,"showSkybox":false,"showFlares":true,"showImageEffects":true,"showParticleSystems":true},"in2DMode":false,"pivot":{"x":6.055068016052246,"y":1.4054949283599854,"z":-53.54801940917969},"rotation":{"x":-0.33044636249542239,"y":-0.23079408705234528,"z":0.08451342582702637,"w":-0.9114622473716736},"size":4.584451198577881,"orthographic":true}