{"cameraMode":{"drawMode":0,"name":"Shaded","section":"Shading Mode"},"sceneLighting":false,"audioPlay":false,"sceneViewState":{"showFog":true,"showMaterialUpdate":false,"showSkybox":false,"showFlares":true,"showImageEffects":true,"showParticleSystems":true},"in2DMode":false,"pivot":{"x":5.545159339904785,"y":-29.387269973754884,"z":38.795921325683597},"rotation":{"x":0.2129005640745163,"y":-0.25137317180633547,"z":0.05629383400082588,"w":0.9426730275154114},"size":26.28929328918457,"orthographic":true}