{"cameraMode":{"drawMode":0,"name":"Shaded","section":"Shading Mode"},"sceneLighting":false,"audioPlay":false,"sceneViewState":{"showFog":true,"showMaterialUpdate":false,"showSkybox":false,"showFlares":true,"showImageEffects":true,"showParticleSystems":true},"in2DMode":false,"pivot":{"x":6.940230369567871,"y":1.947261095046997,"z":-53.12017822265625},"rotation":{"x":-0.33044636249542239,"y":-0.23079408705234528,"z":0.08451342582702637,"w":-0.9114622473716736},"size":3.446272611618042,"orthographic":true}