{"cameraMode":{"drawMode":0,"name":"Shaded","section":"Shading Mode"},"sceneLighting":false,"audioPlay":false,"sceneViewState":{"showFog":true,"showMaterialUpdate":false,"showSkybox":false,"showFlares":true,"showImageEffects":true,"showParticleSystems":true},"in2DMode":false,"pivot":{"x":-4.681591033935547,"y":2.0438668727874758,"z":-63.58863830566406},"rotation":{"x":-0.446378231048584,"y":-0.05131402611732483,"z":0.026519447565078737,"w":-0.8931841254234314},"size":13.657343864440918,"orthographic":true}