{"cameraMode":{"drawMode":0,"name":"Shaded","section":"Shading Mode"},"sceneLighting":false,"audioPlay":false,"sceneViewState":{"showFog":true,"showMaterialUpdate":false,"showSkybox":false,"showFlares":true,"showImageEffects":true,"showParticleSystems":true},"in2DMode":false,"pivot":{"x":-5.178820610046387,"y":1.469483733177185,"z":-46.574554443359378},"rotation":{"x":-0.33044636249542239,"y":-0.23079408705234528,"z":0.08451342582702637,"w":-0.9114622473716736},"size":5.164346218109131,"orthographic":true}