{"cameraMode":{"drawMode":0,"name":"Shaded","section":"Shading Mode"},"sceneLighting":false,"audioPlay":false,"sceneViewState":{"showFog":true,"showMaterialUpdate":false,"showSkybox":false,"showFlares":true,"showImageEffects":true,"showParticleSystems":true},"in2DMode":false,"pivot":{"x":5.199999809265137,"y":2.9000000953674318,"z":0.04999995231628418},"rotation":{"x":-0.06731093674898148,"y":0.6608279943466187,"z":-0.05957068130373955,"w":-0.7452248930931091},"size":5.8515543937683109,"orthographic":true}