{"cameraMode":{"drawMode":0,"name":"Shaded","section":"Shading Mode"},"sceneLighting":false,"audioPlay":false,"sceneViewState":{"showFog":true,"showMaterialUpdate":false,"showSkybox":false,"showFlares":true,"showImageEffects":true,"showParticleSystems":true},"in2DMode":false,"pivot":{"x":4.999999523162842,"y":2.0399999618530275,"z":0.0700000524520874},"rotation":{"x":-0.2160778045654297,"y":0.6451264023780823,"z":-0.19740115106105805,"w":-0.705889880657196},"size":5.152496337890625,"orthographic":true}