{"cameraMode":{"drawMode":0,"name":"Shaded","section":"Shading Mode"},"sceneLighting":false,"audioPlay":false,"sceneViewState":{"showFog":true,"showMaterialUpdate":false,"showSkybox":false,"showFlares":true,"showImageEffects":true,"showParticleSystems":true},"in2DMode":false,"pivot":{"x":0.39322590827941897,"y":0.006550297141075134,"z":0.15597575902938844},"rotation":{"x":0.12249866873025894,"y":-0.7687992453575134,"z":0.15395157039165498,"w":0.6087297201156616},"size":0.7348456382751465,"orthographic":true}