{"cameraMode":{"drawMode":0,"name":"Shaded","section":"Shading Mode"},"sceneLighting":false,"audioPlay":false,"sceneViewState":{"showFog":true,"showMaterialUpdate":false,"showSkybox":false,"showFlares":true,"showImageEffects":true,"showParticleSystems":true},"in2DMode":false,"pivot":{"x":6.130815505981445,"y":2.691862106323242,"z":-32.699275970458987},"rotation":{"x":-0.33044636249542239,"y":-0.23079408705234528,"z":0.08451342582702637,"w":-0.9114622473716736},"size":5.241301536560059,"orthographic":true}